nome,email,faixa,cidade,estado,moradia,freq,local_compra,ocasioes,pref,flores_favoritas,interesse,frequencia,diferencial,preco,modelo_plano,canal,forma_recebimento,horario,nota_interesse,impeditivo,news
Maria Silva,maria.silva@email.com,25-34,São Paulo,sp,Apartamento,Mensalmente,"{Floriculturas,Internet}","{presente,""datas comemorativas""}",Flores naturais,Rosas e girassóis,Sim,mensalmente,"{praticidade,""curadoria especializada""}",R$81-120,plano fixo mensal,WhatsApp,entrega,tarde,8,Preço um pouco alto para o orçamento mensal,Sim
João Pereira,joao.pereira@email.com,35-44,Rio de Janeiro,rj,Casa,Raramente,"{Supermercados,""Redes sociais""}","{""uso pessoal"",eventos}",Plantas,Suculentas,Talvez,quinzenalmente,"{economia,""entrega em casa""}",R$51-80,plano flexivel,Instagram,retirada,manha,5,Não tenho certeza se usaria com frequência,Não
Ana Costa,ana.costa@email.com,18-24,Belo Horizonte,mg,Condomínio,Quinzenalmente,"{Floriculturas,""Garden Centers"",""Redes sociais""}","{decoracao,""uso pessoal""}",Ambos,Orquídeas,Sim,semanalmente,"{""curadoria especializada"",""flores diferentes em cada entrega""}",R$121-180,plano fixo mensal,Site,entrega,indiferente,9,"Nenhum, adoraria assinar",Sim
Carlos Souza,carlos.souza@email.com,45-54,Curitiba,pr,Casa,Nunca,{},{outro},Flores naturais,Lírios,Não,apenas datas especiais,{},Até R$50,compra avulsa,Loja física,retirada,noite,2,Prefiro comprar avulso quando precisar,Não
Beatriz Lima,beatriz.lima@email.com,55+,Porto Alegre,rs,Outro,Semanalmente,"{Feiras,Floriculturas}","{presente,decoracao,eventos}",Plantas,Violetas,Sim,mensalmente,"{flexibilidade,praticidade}",R$81-120,plano fixo mensal,WhatsApp,entrega,tarde,10,Nenhum impeditivo no momento,Sim
Pedro Rocha,pedro.rocha@email.com,25-34,Salvador,ba,Apartamento,Semanalmente,"{Floriculturas,""Garden Centers""}","{presente,""uso pessoal""}",Ambos,Girassóis,Sim,semanalmente,"{""flores diferentes em cada entrega"",flexibilidade}",R$121-180,plano flexivel,Aplicativo,entrega,manha,9,"Nenhum, já pesquiso opções assim",Sim
Fernanda Alves,fernanda.alves@email.com,35-44,Recife,pe,Casa,Algumas vezes por ano,{Internet},"{""datas comemorativas""}",Flores naturais,Tulipas,Talvez,apenas datas especiais,{economia},R$51-80,compra avulsa,Site,retirada,tarde,6,Ainda não decidi se vale a pena,Não
Rafael Nunes,rafael.nunes@email.com,18-24,Fortaleza,ce,Apartamento,Nunca,{},{},Plantas,Cactos,Não,mensalmente,{},Até R$50,plano fixo mensal,WhatsApp,retirada,noite,1,Não tenho interesse em flores,Não
Juliana Martins,juliana.martins@email.com,25-34,Brasília,df,Condomínio,Mensalmente,"{Floriculturas,Internet,""Redes sociais""}","{presente,decoracao,""datas comemorativas""}",Ambos,Peônias,Sim,quinzenalmente,"{""curadoria especializada"",""entrega em casa"",praticidade}",R$121-180,plano fixo mensal,Instagram,entrega,indiferente,10,Nenhum,Sim
Lucas Barbosa,lucas.barbosa@email.com,35-44,Vitória,es,Casa,Raramente,{Supermercados},{eventos},Flores naturais,Margaridas,Talvez,mensalmente,{economia},R$51-80,compra avulsa,Loja física,retirada,manha,4,Prefiro escolher pessoalmente,Não
Camila Ferreira,camila.ferreira@email.com,45-54,Goiânia,go,Apartamento,Quinzenalmente,"{Floriculturas,Feiras}","{""uso pessoal"",decoracao}",Plantas,Samambaias,Sim,semanalmente,"{flexibilidade,""flores diferentes em cada entrega""}",R$81-120,plano flexivel,Site,entrega,tarde,8,Nenhum grande impeditivo,Sim
Bruno Cardoso,bruno.cardoso@email.com,55+,São Luís,ma,Outro,Nunca,{},{outro},Ambos,Antúrios,Não,apenas datas especiais,{},Até R$50,compra avulsa,WhatsApp,retirada,noite,0,Não vejo necessidade,Não
Patrícia Gomes,patricia.gomes@email.com,18-24,Cuiabá,mt,Apartamento,Semanalmente,"{Internet,""Redes sociais""}","{presente,""uso pessoal"",eventos}",Flores naturais,Astromélias,Sim,semanalmente,"{""flores diferentes em cada entrega"",economia}",R$81-120,plano fixo mensal,Instagram,entrega,indiferente,9,"Nenhum, já quero assinar",Sim
Diego Teixeira,diego.teixeira@email.com,25-34,Campo Grande,ms,Casa,Algumas vezes por ano,{Garden Centers},{decoracao},Plantas,Bromélias,Talvez,mensalmente,{praticidade},R$51-80,plano flexivel,Aplicativo,retirada,tarde,5,Depende do preço final,Não
Larissa Ribeiro,larissa.ribeiro@email.com,35-44,Belém,pa,Condomínio,Mensalmente,"{Floriculturas,Supermercados}","{presente,""datas comemorativas""}",Ambos,Copos de leite,Sim,quinzenalmente,"{""entrega em casa"",flexibilidade}",R$121-180,plano fixo mensal,WhatsApp,entrega,manha,7,Gostaria de testar antes de assinar,Sim
Thiago Moura,thiago.moura@email.com,45-54,João Pessoa,pb,Casa,Raramente,{Feiras},{eventos,outro},Flores naturais,Crisântemos,Não,apenas datas especiais,{economia},Até R$50,compra avulsa,Loja física,retirada,noite,2,Não costumo comprar com frequência,Não
Renata Duarte,renata.duarte@email.com,18-24,Teresina,pi,Apartamento,Quinzenalmente,{Internet},"{""uso pessoal""}",Plantas,Jiboias,Sim,semanalmente,"{""curadoria especializada""}",R$81-120,plano flexivel,Site,entrega,tarde,8,Nenhum por enquanto,Sim
Gabriel Farias,gabriel.farias@email.com,25-34,Natal,rn,Casa,Semanalmente,"{Floriculturas,Internet,Feiras}","{presente,decoracao,""uso pessoal""}",Ambos,Lisianthus,Sim,mensalmente,"{""curadoria especializada"",""flores diferentes em cada entrega"",flexibilidade}",Acima de R$180,plano fixo mensal,Instagram,entrega,indiferente,10,Nenhum,Sim
Vanessa Pinto,vanessa.pinto@email.com,35-44,Porto Velho,ro,Apartamento,Nunca,{},{},Flores naturais,Gérberas,Talvez,apenas datas especiais,{},R$51-80,compra avulsa,WhatsApp,retirada,manha,3,Não sei se teria constância para usar,Não
Marcelo Vieira,marcelo.vieira@email.com,45-54,Boa Vista,rr,Casa,Raramente,"{Supermercados,Floriculturas}","{""datas comemorativas""}",Plantas,Espada de são jorge,Sim,mensalmente,"{praticidade,economia}",R$81-120,plano fixo mensal,Site,entrega,tarde,7,Preço precisa caber no orçamento,Sim
Isabela Cavalcante,isabela.cavalcante@email.com,18-24,Florianópolis,sc,Apartamento,Semanalmente,"{Internet,""Redes sociais"",""Garden Centers""}","{presente,""uso pessoal"",decoracao}",Ambos,Hortênsias,Sim,semanalmente,"{""flores diferentes em cada entrega"",""curadoria especializada""}",R$121-180,plano flexivel,Aplicativo,entrega,indiferente,9,"Nenhum, adoraria participar",Sim
Eduardo Batista,eduardo.batista@email.com,55+,Aracaju,se,Casa,Nunca,{},{outro},Flores naturais,Rosas,Não,apenas datas especiais,{},Até R$50,compra avulsa,Loja física,retirada,noite,1,Prefiro comprar quando necessário,Não
Priscila Andrade,priscila.andrade@email.com,25-34,Palmas,to,Condomínio,Mensalmente,"{Floriculturas,Internet}",{presente,eventos},Plantas,Zamioculcas,Sim,quinzenalmente,"{""entrega em casa"",praticidade}",R$81-120,plano fixo mensal,WhatsApp,entrega,manha,8,Gostaria de mais informações sobre o serviço,Sim
Rodrigo Castro,rodrigo.castro@email.com,35-44,Maceió,al,Casa,Algumas vezes por ano,"{Feiras,Supermercados}","{""datas comemorativas"",eventos}",Ambos,Bem me quer,Talvez,mensalmente,{economia,flexibilidade},R$51-80,plano flexivel,Site,retirada,tarde,6,Preciso avaliar melhor o custo-benefício,Não
Aline Monteiro,aline.monteiro@email.com,18-24,Macapá,ap,Apartamento,Quinzenalmente,{Internet},"{""uso pessoal""}",Flores naturais,Lírios do campo,Sim,semanalmente,"{""curadoria especializada"",praticidade}",R$121-180,plano fixo mensal,Instagram,entrega,indiferente,9,Nenhum impeditivo real,Sim
